Count,File Paths,Repository
1,.github/workflows/code_review.yml,ColeMurray/ai-codereviewer
1,.github/workflows/code_review.yml,PanTree/ai-codereviewer
1,.github/workflows/code_review.yml,Anand-sahni/ai-code-reviewer
1,.github/workflows/main.yml,webdesign7/laravelci
1,.github/workflows/code_review.yml,alekstheod/tnnlib
1,.github/workflows/aicodereview.yml,kiran-sunny/GitActionsDemo
1,.github/workflows/code_review.yml,HeyFlutter-Team/ai-code-reviewer
1,.github/workflows/blank.yml,koganei/github-actions-openai
1,.github/workflows/ai_code_reviewer.yml,EugeneK6/Telegram_bot_with_OpenAI
1,.github/workflows/ci.yml,mt-krainski/yet-another-flight-scanner
1,.github/workflows/openai.yml,mrako/week-number
1,.github/workflows/code_review.yml,aidar-freeed/ai-codereviewer
1,.github/workflows/ai-code-review.yml,github-cloudlabsuser-130/devsecops
1,.github/workflows/openai.yml,nrfconnect/sdk-nrf-testing
1,.github/workflows/main.yml,faczor/shapyfy
1,.github/workflows/reviewer.yml,thadeucbr/apigpt
1,.github/workflows/chatgpt.yml,BrunoKreiner/digilog-experiments
1,.github/workflows/ai-pull-request.yml,oparaskos/vscode-fountain
1,.github/workflows/code_review.yml,quanhavn/llm-code-review
1,.github/workflows/code-review.yml,xencon/pwa-starter
1,.github/workflows/reviews-ai.yaml,tkhduracell/node_nsw_functions
1,.github/workflows/code_review.yml,edlink/ai-code-reviewer
1,.github/workflows/ai-codereviewer.yml,nimowagukari/golang-environment
1,.github/workflows/main.yml,webcrafterhub/tools
1,.github/workflows/ai_code_reviewer.yml,peterliapin/onlinesales.core
1,.github/workflows/code_review.yml,stylidev/ai-code-reviewer
1,.github/workflows /ai-code-review.yml,tqt97/mega-site
1,.github/workflows/ai-pull-request.yml,oparaskos/fountain-lsp-server
1,.github/workflows/ai-codereviewer.yml,nimowagukari/aws-lambda-environment
1,.github/workflows/ai-code-review.yml,Checkmarx/plugins-release-workflow
1,.github/workflows/main.yml,isseikz/BacklogEditor
1,.github/workflows/gpt_pr_review.yaml,NikitosnikN/go-claude-tg-bot
1,.github/workflows/smart-comment-pr.yml,celte-team/celte-system
1,.github/workflows/ai-code-review.yml,jhopley-stadion/v3-release-workflow
1,.github/workflows/code_review.yml,gilles-cap/ai-code-review-custom
1,.github/workflows/ai-review.yml,wandervik/ppoid
1,.github/workflows/code-review.yml,TimothyMendezFeliciano/mesero
1,.github/workflows/main.yml,steckdev/RoofNet
1,.github/workflows/code_review.yml,moneyforward/sci_codereview
1,.github/workflows/ai-code-reviewer.yml,tawada/discord-AI-bot
1,.github/workflows/code_review.yml,Git-beyd/beyd-ai-codereviewer
1,.github/workflows/code-review.yml,xencon/aixcl
1,.github/workflows/code_review.yml,r-vieira/ai-code-reviewer
1,.github/workflows/ai-code-reviewer.yml,explore-siargao/es-main
1,.github/workflows/test.yml,Maq1995-Jan/GAdemo
1,.github/workflows/main.yml,FsevenmProjects/warranty-claims
1,.github/workflows/ai-pull-request.yml,oparaskos/fountain-parser
