Comment_URL,Classification,Issue_Suggestion_List
https://api.github.com/repos/saiqulhaq/dynamic_links/pulls/comments/1440512678,2,"- ""it would be better if we could also pass the `redis_config` to the `nanoidstrategy` constructor as we do for `rediscounterstrategy`, even if it's not used right now.""
- ""```diff\n- shorteningstrategies::nanoidstrategy.new\n+ shorteningstrategies::nanoidstrategy.new(dynamiclinks.configuration.redis_config)\n```"""
https://api.github.com/repos/SainsburyWellcomeCentre/aeon_mecha/pulls/comments/1777229984,2,"1. ""the current implementation of `class_int2str` method has a complexity of o(n^2) because for each class, it iterates over the entire dataframe to replace the integer identity with the string identity. this could be optimized by creating a mapping dictionary and using the pandas `replace` function, which would reduce the complexity to o(n).""
2. ""```diff\n-        identity = data[\""identity\""].astype(\""string\"")\n-        for i, subj in enumerate(classes):\n-            identity.loc[data[identity.name] == i] = subj\n-        data[identity.name] = identity\n+        identity_mapping = {i: subj for i, subj in enumerate(classes)}\n+        data[\""identity\""] = data[\""identity\""].replace(identity_mapping)\n```"""
https://api.github.com/repos/mrako/week-number/pulls/comments/1236833555,1,
https://api.github.com/repos/brisen-app/brisen-client/pulls/comments/1536663252,2,"1. line 13: the `concurrency` configuration seems incomplete and contains a syntax error. it needs to be corrected for proper functionality.
2. lines 30-31: the boolean values for `review_simple_changes` and `review_comment_lgtm` are set to `false`. ensure these settings align with the intended behavior of the workflow."
https://api.github.com/repos/lightspeedwp/tour-operator/pulls/comments/1893912146,1,
https://api.github.com/repos/saiqulhaq/dynamic_links/pulls/comments/1451584993,1,
https://api.github.com/repos/aidar-freeed/ai-codereviewer/pulls/comments/1174426210,2,"- ""consider using `core.debug()` instead of `console.log()` for better integration with github actions."""
https://api.github.com/repos/SainsburyWellcomeCentre/aeon_mecha/pulls/comments/1322223359,2,"1. in the `get_bodyparts` method, the error handling for keyerror could be improved. currently, if a keyerror is raised, it checks if `parts` is none and then raises another keyerror. however, since `parts` is initialized as an empty list, it will never be none, so the error message will never be raised. instead, you should check if `parts` is empty.
   ```diff
   -         if parts is none:
   +         if not parts:
        raise keyerror(f\""cannot find bodyparts in {file}.\"") from err
   ```"
https://api.github.com/repos/Dev-FE-1/Toy_Project_II_team4/pulls/comments/1706228991,2,"- the removal of `dayjs` import is a good step as it seems to be no longer used in this file. this helps in reducing the unnecessary imports and thus, improving the performance."
https://api.github.com/repos/aidar-freeed/ai-codereviewer/pulls/comments/1149858445,2,"- ""the function name `dividebyseven` does not match its implementation. consider renaming it to better reflect its purpose."""
https://api.github.com/repos/parkpow/deep-license-plate-recognition/pulls/comments/1929972018,2,"- ""to enhance error handling, consider logging additional details like the url or payload in the error message for better traceability.""
- ```diff
-        logging.error(f\""vehicle:{plate}. failed to send request: {err}\"")
+        logging.error(f\""vehicle:{plate}, url:{url}. failed to send request: {err}\"")
```"
https://api.github.com/repos/saiqulhaq/dynamic_links/pulls/comments/1438979305,2,"- ""you should reset the configuration after the test to prevent side effects in other tests.""
- ""ensure\n      dynamiclinks.reset_configuration"""
https://api.github.com/repos/parkpow/deep-license-plate-recognition/pulls/comments/1806196788,2,"- ""specify a more precise type for the event parameter in the `runcommand` function instead of using `any`.""
- ```diff
-   function runcommand(e: any){
+   function runcommand(e: react.mouseevent<htmlbuttonelement>){
```"
https://api.github.com/repos/saiqulhaq/dynamic_links/pulls/comments/1443729766,2,"1. ""however, there is a potential issue with the `perform` method. it's not handling any exceptions that might occur during the execution of `shortenedurl.find_or_create(client, short_url, url)` or `dynamiclinks.configuration.cache_store.delete(lock_key)`. this could lead to unhandled exceptions causing job failures.""
2. ""consider wrapping these operations in a begin-rescue block to handle potential exceptions and ensure the job doesn't fail unexpectedly.""
3. ""this way, you can log the error for debugging purposes and decide whether to re-raise the exception based on your error handling strategy."""
https://api.github.com/repos/saiqulhaq/dynamic_links/pulls/comments/1743909207,2,"1. ""the check for `link.expires_at.present?` is redundant because `link.expires_at.past?` will return false if `expires_at` is `nil`. you can simplify this line by removing the `present?` check.""
2. ```diff
   - raise activerecord::recordnotfound if link.expires_at.present? && link.expires_at.past?
   + raise activerecord::recordnotfound if link.expires_at&.past?
   ```"
https://api.github.com/repos/SainsburyWellcomeCentre/aeon_mecha/pulls/comments/1765246060,2,"1. ""the command for running all tests is commented out and could be included in the docstring for clarity."""
https://api.github.com/repos/saiqulhaq/dynamic_links/pulls/comments/1438979300,2,"1. ""there is a potential issue with the `shorten_url` method. it assumes that the strategy class exists and can be initialized without arguments. if the configuration contains an invalid strategy name, this will raise a `nameerror`. also, if the strategy class requires initialization parameters, it will raise an `argumenterror`.""
2. ""to improve error handling, consider adding a rescue block to handle these exceptions and provide a more user-friendly error message.""
3. ""```diff\n  def self.shorten_url(url)\n    begin\n      strategy_class = \""dynamiclinks::shorteningstrategies::#{configuration.shortening_strategy.to_s.camelize}strategy\"".constantize\n      strategy = strategy_class.new\n    rescue nameerror\n      raise \""invalid shortening strategy: #{configuration.shortening_strategy}\""\n    rescue argumenterror\n      raise \""#{strategy_class} needs to be initialized with arguments\""\n    end\n    strategy.shorten(url)\n  end\n```"""
https://api.github.com/repos/aidar-freeed/ai-codereviewer/pulls/comments/1174426413,2,"- ""replace the hardcoded string `'opened'` with a constant variable for better maintainability."""
https://api.github.com/repos/aidar-freeed/ai-codereviewer/pulls/comments/1174421186,2,"- ""consider adding an empty line before this `else if` statement for better readability."""
https://api.github.com/repos/parkpow/deep-license-plate-recognition/pulls/comments/1806196792,2,"1. ""the use of `any` for the `cmd` variable should be avoided. you can infer the type from the context or use a more specific type like `string[]`.""
   ```diff
   -     const cmd:any = command.match(/[^ ]+/g)?.slice(2);
   +     const cmd: string[] = command.match(/[^ ]+/g)?.slice(2) || [];
   ```"
https://api.github.com/repos/SainsburyWellcomeCentre/aeon_mecha/pulls/comments/1314347259,2,"1. ""the change in line 116 from a multi-line dictionary to a single line dictionary is not recommended for readability and maintainability reasons."""
https://api.github.com/repos/brisen-app/brisen-client/pulls/comments/1536663254,2,"- the `on` field should be adjusted to trigger on pull requests only.
```diff
-  on:
-    push:
-      branches:
-        - master
-    pull_request:
-      types: [opened, synchronize, reopened]
+  on:
+    pull_request:
```"
https://api.github.com/repos/SainsburyWellcomeCentre/aeon_mecha/pulls/comments/1747418199,2,"1. ""the `zip` function does not have a `strict` argument. this will raise a `typeerror`. if you want to iterate over two lists of different lengths, consider using `itertools.zip_longest` instead.""
   ```diff
   - for frameidx, path in zip(data._frame, data._path, strict=false):
   + from itertools import zip_longest
   + for frameidx, path in zip_longest(data._frame, data._path):
   ```"
https://api.github.com/repos/Dev-FE-1/Toy_Project_3_team4/pulls/comments/1720613303,2,"1. ""`openai_heavy_model` 값에 불필요한 공백이 추가되었습니다. 이를 제거하여 일관성을 유지해야 합니다.""
   - this suggests removing the unnecessary whitespace in the line:
   ```diff
   -           openai_heavy_model: gpt-4o-2024-05-13 
   +           openai_heavy_model: gpt-4o-2024-05-13
   ```"
https://api.github.com/repos/aidar-freeed/ai-codereviewer/pulls/comments/1174421187,2,"- ""consider adding an empty line before this `else` statement for better readability."""
https://api.github.com/repos/saiqulhaq/dynamic_links/pulls/comments/1443162247,2,"- in the `delete` method, you're using `del` which is a method for `redis` but not for `memcached`. for `memcached`, you should use `delete`. add a condition to handle both cases.
```diff
- @store.del(key)
+ @store.is_a?(redis) ? @store.del(key) : @store.delete(key)
```"
https://api.github.com/repos/parkpow/deep-license-plate-recognition/pulls/comments/1806196756,2,"- ""avoid using `any` as the type for the event parameter. instead, specify a more precise type to improve type safety and maintainability.""
- ```diff
  -   const handleuninstall = (e: any) => {
  +   const handleuninstall = (e: react.mouseevent<htmlbuttonelement>) => {
  ```"
https://api.github.com/repos/SainsburyWellcomeCentre/aeon_mecha/pulls/comments/1764204980,2,"- ""it would be more robust if we also check that the downsampled data maintains the same start and end timestamps as the raw data.""
- ```diff
    assert data.index[0] == raw_data.index[0]
    assert data.index[-1] == raw_data.index[-1]
```"
https://api.github.com/repos/aidar-freeed/ai-codereviewer/pulls/comments/1149858439,1,
https://api.github.com/repos/SainsburyWellcomeCentre/aeon_mecha/pulls/comments/1532539663,2,"1. ""it would be better to make `name` a required positional argument without a default value to prevent misuse and unnecessary exception handling.""
   ```diff
   -    def __init__(self, name, *args, path=none):
   +    def __init__(self, name=none, *args, path=none):
   ```"
https://api.github.com/repos/aidar-freeed/ai-codereviewer/pulls/comments/1412872860,2,"- ""the fallback value for `res` should be an empty array `[]` instead of an empty object `{}` to match the expected return type of the function."""
https://api.github.com/repos/lightspeedwp/tour-operator/pulls/comments/1888123645,2,"1. ""i noticed that the `autoplayspeed` is set to 0 which means the autoplay speed is essentially non-existent. if you want to disable autoplay, you should set `autoplay: false` (which you've already done). but if you want autoplay to work, you should set `autoplayspeed` to a positive integer representing the delay between auto slides in milliseconds.""
2. ```diff
   -  autoplayspeed: 0,
   +  autoplayspeed: 3000, // for example, change slides every 3 seconds
   ```"
https://api.github.com/repos/Dev-FE-1/Toy_Project_II_team4/pulls/comments/1706229007,2,"1. ""the sorting of the `salarylist` is done in place which might lead to unexpected behavior if the original data is needed elsewhere in its initial order."""
https://api.github.com/repos/saiqulhaq/dynamic_links/pulls/comments/1443749710,2,"1. ""consider breaking it down into smaller methods, each responsible for a specific part of the process (e.g., configuring the system, preparing the mocks, running the operation, asserting the results).""
2. ""also, consider adding comments to explain the purpose of each step, especially for complex operations like the ones involving mocks and stubs."""
https://api.github.com/repos/SainsburyWellcomeCentre/aeon_mecha/pulls/comments/1765335037,0,
https://api.github.com/repos/lightspeedwp/tour-operator/pulls/comments/1888123658,2,"- ""the padding value here seems to be inconsistent with the one defined on line 260. if the intention is to override the previous value, then it's fine. otherwise, consider making them consistent.""
- ""```diff\n-   padding: 15px !important;\n+   padding: 0 !important;\n```"""
https://api.github.com/repos/aidar-freeed/ai-codereviewer/pulls/comments/1150246008,2,"- ""consider rephrasing this line to: `- avoid suggesting to comment on the code.` for better clarity."""
https://api.github.com/repos/SainsburyWellcomeCentre/aeon_mecha/pulls/comments/1314347286,0,
https://api.github.com/repos/SainsburyWellcomeCentre/aeon_mecha/pulls/comments/1758592490,2,"1. the variable `experiment_names` is assigned but never used. this could lead to confusion for other developers reading the code, as they may spend time trying to find where it's used. if this variable is not needed, consider removing it.
   ```diff
   -  experiment_names = automatedexperimentingestion.fetch(""experiment_name"")
   ```"
https://api.github.com/repos/saiqulhaq/dynamic_links/pulls/comments/1443118844,2,"1. ""the `client` object is passed as an argument to the `perform` method, but then it's overwritten on line 10 with `dynamiclinks::client.find(client_id)`. however, `client_id` is not defined anywhere in this method. this will likely cause a nameerror at runtime.""
2. ""the `cache_key` used in lines 7 and 13 is not defined within this method. it's unclear where this key is coming from, which could lead to unexpected behavior or errors.""
3. ""assuming client_id should be extracted from the client object: `client = dynamiclinks::client.find(client.id)`""
4. ""assuming cache_key should be constructed using some properties of the client or url: `cache_key = \""some_key_derived_from_client_or_url\""`""
5. ""same assumption for deleting the key: `cache_store.delete(cache_key)`"""
https://api.github.com/repos/brisen-app/brisen-client/pulls/comments/1536663257,2,"1. ""update the steps for sonarqube analysis and quality gate check.""
2. ""this review addresses key issues related to workflow naming, triggering events, indentation, and step adjustments for sonarqube analysis and quality gate checks."""
https://api.github.com/repos/SainsburyWellcomeCentre/aeon_mecha/pulls/comments/1307905830,1,
https://api.github.com/repos/mt-krainski/yet-another-flight-scanner/pulls/comments/1694359392,1,
https://api.github.com/repos/mt-krainski/yet-another-flight-scanner/pulls/comments/1694378435,1,
https://api.github.com/repos/SainsburyWellcomeCentre/aeon_mecha/pulls/comments/1755686429,2,"- ""the `downsample` parameter has been added to the `aeon.load` function call in the `test_load_end_only` test, but there is no assertion to verify the functionality of the downsampling feature when it's set to `none`.""
- ""add an assertion to check the frequency of the data""
- ""assert data.index.to_series().diff().dt.total_seconds().min() >= 0.02"""
https://api.github.com/repos/aidar-freeed/ai-codereviewer/pulls/comments/1174420681,2,"- ""consider adding a comment to explain the purpose of this `else` block and why the event is unsupported."""
https://api.github.com/repos/Dev-FE-1/Toy_Project_II_team4/pulls/comments/1706969846,2,"1. ""there's a potential performance issue. you're sorting the salary list twice: once for `sorteddata` and once for `latestsalarylist`. if the salary list is large, this could be inefficient. consider optimizing this by sorting the list only once and then deriving both `sorteddata` and `latestsalarylist` from the sorted list.""
2. ""it would be better to use unary plus (`+`) operator for this purpose as it is faster and more concise.""
   - suggested change: 
   ```diff
   - const filtereditem = salarylist.filter((item) => number(item.payday.slice(0,4)) === number(selectedyear))
   + const filtereditem = salarylist.filter((item) => +item.payday.slice(0,4) === +selectedyear)
   ```
3. ""in the `handleapplicationbtn` function, you're searching through `sorteddata` to find an item with a matching id. this operation has a time complexity of o(n). if you expect to have a large number of items in `sorteddata`, consider using a data structure that allows for faster lookups, like a set or a map.""
   - suggested change:
   ```diff
   - const handleapplicationbtn = (id:number) => {
   -   if(sorteddata.find((item) => item.id === id)){
   -      navigate(`/salary-detail/${id}`)
   -    }else{
   -     navigate('/payments')
   -    }
   -  }
   + const salaryidset = new set(sorteddata.map(item => item.id));
   + const handleapplicationbtn = (id:number) => {
   +   if(salaryidset.has(id)){
   +     navigate(`/salary-detail/${id}`)
   +   }else{
   +     navigate('/payments')
   +   }
   + }
   ```"
https://api.github.com/repos/aidar-freeed/ai-codereviewer/pulls/comments/1174425080,1,
https://api.github.com/repos/lightspeedwp/tour-operator/pulls/comments/1893912122,2,"1. ""the theme reference \""lsx-tour-operator\"" has been removed from the header template part. this could potentially cause issues if there are styles or scripts specifically tied to this theme in your wordpress setup.""
2. ""if the removal is intentional and you've ensured that no dependencies are broken, then it's fine. otherwise, you might want to reconsider this change."""
https://api.github.com/repos/aidar-freeed/ai-codereviewer/pulls/comments/1155327110,2,"- ""consider adding a comment above this line to explain why deleted files are being ignored in the review process."""
