Repository,Count,File Paths
Mai0313/screenshot,1,.github/workflows/pull-request-pipeline.yml
hpc-gridware/go-clusterscheduler,1,.github/workflows/review.yml
dgruber/wfl,1,.github/workflows/prgput.yml
hyochan/react-native-audio-recorder-player,1,.github/workflows/code-review.yml
ikuwow/query_ok,1,.github/workflows/code_review.yml
pass-culture/data-gcp,1,.github/workflows/on_pr_review__gpt.yml
spring-boot-study-ppo/Spring-Security-oauth2,1,.github/workflows/code-review-gpt.yml
fee1good/bitrix_24_salesman_gpt_bot,1,.github/workflows/ai_code_reviwer.yml
pvthiendeveloper/TestGithubActions,1,.github/workflows/codereview.yml
o-leolleo/blog,1,.github/workflows/pr-review.yml
hpc-gridware/clusterscheduler,1,.github/workflows/review.yml
hyochan/react-native-iap,1,.github/workflows/code-review.yml
dgruber/drmaa2os,1,.github/workflows/prgput.yml
VIVAFROG/stock,1,.github/workflows/code_review.yml
Kanaries/graphic-walker,1,.github/workflows/code-review.yml
stiagoq/prueba_salesforce_sereniy,1,.github/workflows/gpt.yml
scs0209/modubuy,1,.github/workflows/code-review.yml
Bugmasterr/General-Equipment-Theme-Repo,1,.github/workflows/main.yml
In-Self-Improvement/vanilla-js-framework,1,.github/workflows/code-review.yml
In-Self-Improvement/test-shopping-mall,1,.github/workflows/code-review.yml
techbloghub/front-end,1,.github/workflows/code-review.yml
hassan51993/LoanAmortizationCalculator,1,.github/workflows/main.yml
hpc-gridware/testsuite,1,.github/workflows/review.yml
eggmun98/testNextSetting,1,.github/workflows/code-review.yml
SaeWooKKang/next-blog,1,.github/workflows/code-review.yml
hyochan/expo-iap,1,.github/workflows/code-review.yml
drharryx/test-bot-review,1,.github/workflows/crgpt.yml
junho3/practice-kotlin-spring-boot,1,.github/workflows/code-review.yml
pass-culture/api-data,1,.github/workflows/on_pr_review__gpt.yml
blackhorseya/golang-101,1,.github/workflows/pr.yaml
blackhorseya/godine,1,.github/workflows/pr.yaml
blackhorseya/ryze,1,.github/workflows/pr.yaml
AudioLand/dub-nextjs,1,.github/workflows/crgpt.yml
blackhorseya/blitzcrank,1,.github/workflows/pr.yaml
thomasdinh2k/learning-journey,1,.github/workflows/crgpt.yml
blackhorseya/pelith-assessment,1,.github/workflows/pr.yaml
dev-arrow/react-native-iap,1,.github/workflows/code-review.yml
