LDA_Topic_Label,Topic_Label,Explanation,Sampled_Comments
0,Dependency Version Update and Compatibility,"All comments focus on reviewing code changes that update the versions of dependencies, packages, or base images across various environments (JavaScript/Node.js, Docker, Gradle, Android, .NET, etc.). The shared theme is ensuring that version upgrades are safe and compatible—emphasizing the need to check for breaking changes, review changelogs, update lockfiles, verify compatibility with other dependencies, and thoroughly test after updates. The comments also suggest best practices like semantic versioning, version pinning, and documentation updates to maintain project stability during dependency upgrades.","The provided code patch shows a change in a package dependency for a JavaScript/Node.js project, specifically updating the version of from to . Here are some observations and suggestions: ### Code Review: 1. **Version Update**: - The patch changes the version from to . It’s important to check the release notes or changelog for any breaking changes, new features, or bug fixes introduced in this version. Ensure that the new version does not break any existing functionality in your project. 2. **Semantic Versioning**: - The update adheres to semantic versioning principles (i.e., patch-level changes), which typically should not introduce breaking changes. However, always verify the changelog to ensure no unexpected issues arise from this minor update. 3. **Compatibility with Other Dependencies**: - Ensure that other dependencies (e.g., ) are compatible with the new version of . Sometimes, a minor version update can have implications for how other packages interact with it. 4. **Testing**: - After updating the dependency, run your test suite to ensure nothing is broken due to the updated version. Pay special attention to styles and components that rely on Tailwind CSS. 5. **Lockfile Update**: - Depending on your package management tool (npm or yarn), verify that the lockfile (e.g., or ) is also updated accordingly. This ensures that the correct version is installed in different environments. ### Bug Risks: - **Breaking Changes**: Although it’s unlikely, there is always a risk of unexpected behavior due to a minor update. Thoroughly check for any reported issues with the new version. - **Dependency Conflicts**: Check for any dependency conflicts resulting from the update, particularly if other packages rely on specific features or versions of Tailwind CSS. ### Improvement Suggestions: - **Use of for Major Version**: When specifying the version for , if you're not strictly limited to only using a particular patch version (e.g., ), consider using to allow for future minor/patch updates while remaining below version 4.0.0. - **Changelog Reference**: Document or reference the changes from to in your commit message or project documentation for future reference. - **Automated Testing**: If your project doesn't have automated visual regression testing in place, consider implementing it, especially when working with CSS frameworks like Tailwind, to catch potential styling issues introduced by updates. Overall, the patch appears straightforward, but due diligence in testing and reviewing the changelog will help mitigate potential issues arising from the update.
-----
This code patch shows a change in the package version of from version to . Here are some points to consider during a brief code review: ### Potential Bugs/Risks: 1. **Breaking Changes**: Since both versions of are beta versions, there is a possibility that could introduce breaking changes compared to . It's essential to review the release notes or changelog for to check for any breaking changes that could affect your project. 2. **Dependency Compatibility**: Ensure that other dependencies in your project are compatible with the new version of . Sometimes, updates to a key library can lead to conflicts or issues with other packages, especially if they depend on specific features or behaviors of that library. 3. **Testing**: After updating the package, it is important to run existing tests and perform regression testing to catch any issues introduced by the new version. ### Improvement Suggestions: 1. **Use Semantic Versioning**: If versioning permits, consider using semantic versioning (e.g., ) instead of a specific beta version. This would allow your package manager to automatically update to newer minor versions or patches in the same major release, which can be especially useful for maintenance. 2. **Lock File Update**: If you are using a lock file ( or ), ensure to regenerate it after making this change to avoid discrepancies between the installed package versions and specified versions in your . 3. **Review Release Notes**: Check the release notes for v4.0.0-beta.8 to understand what changes were made. It can provide insights into new features, bug fixes, and potential migration steps if there are breaking changes. 4. **Automated Testing**: If not already in place, consider implementing automated tests as part of your CI/CD pipeline. This would help catch issues early whenever dependencies are updated in the future. 5. **Regular Updates**: Regularly updating dependencies is a good practice, but ensure that updates are done in a controlled manner to minimize the risk of breaking changes. Overall, while the change seems straightforward, careful attention to the implications of updating a beta version is crucial to maintaining stability in your project.
-----
The code patch you provided is a Docker Compose file snippet that updates the image version for the service from to . Here are my observations and suggestions regarding this change: ### Bug Risks 1. **Backward Compatibility**: - Before upgrading to , ensure that there are no breaking changes introduced in this version compared to . Review the release notes or changelog for the new version to confirm compatibility with your existing configuration and other services dependent on it. 2. **Image Availability**: - Verify that the image is available on the Docker registry. If it's not available, this will lead to deployment failures. You could test the image availability by running a command like before deploying. 3. **Testing**: - Ensure that adequate testing is performed in a staging environment to identify any issues that may arise from the update before deploying to production. ### Improvement Suggestions 1. **Lifecycle Management**: - Consider adding a policy to the service to ensure that it recovers automatically on failure. For example: 2. **Version Pinning**: - If version stability is critical, consider implementing a fixed versioning policy or using semantic versioning tags (e.g., ), so you get minor updates but do not unintentionally upgrade to a major release. 3. **Documentation**: - Update any documentation or comments near this service definition to reflect the new image version and its corresponding changes, if necessary. 4. **Health Checks**: - If not already defined, consider adding health checks to ensure the service is operating correctly. For example: 5. **Security Review**: - Review the security implications of the new version. Ensure that there are no known vulnerabilities in the updated image by checking common vulnerability databases (e.g., CVE, NVD). ### Conclusion Overall, updating a Docker image can be straightforward, but it is crucial to ensure backward compatibility and conduct thorough testing to reduce risks. Implementing additional constraints and checks will help enhance the robustness and reliability of your service deployment.
-----
Here’s a brief code review of the provided patch, which updates the version of the package from to . Here are some key points to consider: ### Bug Risks: 1. **Beta Version Considerations**: - Since you are upgrading to a beta version, there is inherently more risk involved due to potential instability or bugs that may not have been fully ironed out. Ensure to thoroughly test the application after the upgrade to catch any regressions. 2. **Breaking Changes**: - Check the release notes or changelog for (from beta.7 to beta.8). There might be breaking changes or new features introduced that could affect your existing code. 3. **Dependencies Compatibility**: - Ensure that other dependencies in your project are compatible with 4.0.0-beta.8. Sometimes, updating a single dependency can lead to version conflicts with other related dependencies. ### Improvement Suggestions: 1. **Testing**: - After updating the package, run all existing unit tests and integration tests to ensure everything functions as expected. Consider adding additional tests if you are leveraging new functionality introduced in the beta. 2. **Pinning Versions**: - If you are using this in a production environment, consider pinning versions (using exact versioning) instead of using beta versions to avoid unexpected behavior in future installations. 3. **Documentation Review**: - Review the documentation or migration guides provided with the new version to adopt any recommended practices or changes. 4. **Monitor for New Releases**: - Since this is a beta version, keep an eye on subsequent releases. If the final version is released, it may be beneficial to update from beta to the stable release for better security and stability. 5. **Update Lock Files**: - After making this change, ensure related lock files (e.g., or ) are updated to reflect the new version. ### Conclusion: The change is straightforward, but careful testing and consideration for potential bugs or compatibility issues are crucial when working with beta versions. Always keep an eye on the project's ecosystem for future updates or breaking changes.
-----
The code patch you provided seems to be related to a Gradle build script. Here are some observations and suggestions: 1. Version Update: The patch updates the version of the ""com.diffplug.spotless"" plugin from ""6.18.0"" to ""6.23.2"". This change may include bug fixes or new features in the updated version, so it's generally recommended to keep dependencies up to date. 2. Plugin Configuration: The and plugins are added in the block, but there seems to be missing configuration for the plugin (e.g., ). Make sure that this is intentional, as some configuration might be required for correct behavior. 3. Spotless Plugin: Since only the version update is shown in your code patch, it's difficult to assess any potential bug risks or improvement suggestions related to the Spotless plugin without further context. It would be helpful to review the complete configuration and usage of the plugin for a more comprehensive review. Overall, the code patch appears to address a version update for the ""com.diffplug.spotless"" plugin, which is generally a good practice. However, please consider the aforementioned points specific to your project's needs and ensure that the plugin configurations are correctly set for desired functionality.
-----
The code patch appears to simply update the version of the base Docker image being used from to . This could introduce new features, bug fixes, or potentially breaking changes to the environment, so it is important to verify that any dependent code still works as expected after the upgrade. As for the copy command, without more context it's difficult to say definitively whether it is correct. However, assuming that the specified source and destination are valid and intended, it seems reasonable. Some possible improvement suggestions: - Ensure that the new version of the base image is fully compatible with any dependent code. - Add comments or documentation to explain the purpose of the Dockerfile and any non-obvious commands or choices made. - Consider using a specific tag rather than ""latest"" when pulling the base image to ensure consistent dependencies across different deployments. - Use a multi-stage build process to reduce the size of the final image.
-----
The code patch looks like a Dockerfile used for building a Node.js application. The changes made to the base image and the final production image are valid and up-to-date. However, some improvements can be suggested: 1. Instead of using a specific Node.js version (e.g., 18.16.0), consider using a version range (e.g., >= 14) to automatically get the latest compatible version when building the application. 2. Consider copying the package-lock.json file along with the package.json file to ensure consistent dependencies installation between builds. 3. It is recommended to set the WORKDIR instruction to specify the default working directory for the application in the container. 4. If security is a concern, run npm audit or yarn audit to check for any vulnerabilities in the project's dependencies before building the application image. Overall, the code looks good, and these suggestions are minor improvements to make the code more robust and maintainable.
-----
Based on the code patch provided, here are some observations and suggestions: 1. SDK Version: The has been changed from 16 to 21. This means that the minimum Android version required to run the app will be Android 5.0 (Lollipop) instead of Android 4.1 (Jelly Bean). Ensure this change aligns with your target audience and the features/APIs you need. 2. Dependencies: - Added dependency: . Make sure you need this library for your specific use case. - Updated dependency to version 3.5.0 by replacing it with . 3. Removed Dependency: - TODO comment suggests removing when not used anymore. Check if you're still using this library in your codebase and decide whether it can really be removed. 4. Other observations: - Use consistent Kotlin coroutines versions. The patch introduces but doesn't specify a value for . Ensure it is set to a compatible version (matching other coroutines dependencies). - The rest of the patch seems unchanged, assuming there are no issues or improvements needed. Overall, the code patch mainly contains updates to the minimum SDK version, dependency versions, and introducing new libraries. Verify that these changes align with your project requirements, and test the updated code thoroughly to ensure it functions as expected.
-----
Based on the provided code patch, here are some observations and suggestions: Observations: - This is a project file in Microsoft .NET SDK format. - The target framework is set to , which might not be a valid target framework depending on the version of .NET being used. - Nullable reference types and implicit usings are enabled. - There is a project dependency on another project called ""Interview.Infrastructure"". - There are three NuGet package references for Entity Framework Core and Npgsql. Suggestions: - Double-check that is a valid target framework according to the .NET SDK installed on your system. - Consider adding documentation comments to the project file to describe its purpose, dependencies, and usage. - Make sure that the versions of the Entity Framework Core and Npgsql packages used by this project are compatible with each other and with the other dependencies in your application. - Consider adding a package reference for NUnit or another test framework to support automated testing of this project.
-----
It seems that this code patch is a Git diff that adds some directories and files to the project. However, there are a few things that could be improved in this code patch: - The first line has an unusual character at the beginning that could cause issues. It should be removed or replaced with a regular comment symbol. - It's not clear what the purpose of adding the , and files/directories is. It would be good to provide more context on why they are being added. - It's generally recommended to avoid committing user-specific configuration files like , as they can cause conflicts for other users who work on the same project. It may be better to configure these settings differently or store them somewhere else. - Finally, it's hard to identify potential bug risks without more information about the project and its requirements. However, it's always a good practice to test the changes thoroughly before pushing them to production, especially if they involve adding new dependencies or modifying existing ones."
1,UI Usability and Accessibility Enhancements,"These comments consistently focus on improving user interface elements for better usability and accessibility. Suggestions include refining placeholder text for clarity, using semantic HTML and ARIA attributes, ensuring consistent naming conventions, enhancing input validation and guidance, and making UI components more accessible to screen readers. The shared theme is actionable improvements to make web application interfaces more user-friendly, accessible, and maintainable.","The code patch mainly involves changes in the navbar and sidebar of a web application. In the navbar, a ""UnUniFi"" title is split into two separate lines, and the app-tool component is hidden on small screens. In the sidebar, a new ""Utilities"" section is added with two menu items, one for balance and one for sending tokens. Additionally, there are new sections added for ""Apps"" and ""Testnet"", with dynamic content being loaded via an apps array and navigations array respectively. The code seems to be written correctly and there are no syntax errors visible. However, here are some suggestions for possible improvements: 1. Consider using CSS Grid or Flexbox to layout the navbar and sidebar to avoid long lines of code and improve responsiveness. 2. Provide accessible names for mat-icons by adding descriptive aria-labels or titles. 3. Instead of hiding the app-tool component using a class based solution, consider implementing an Angular directive like ngIf to conditionally display the component element. 4. Consider refactoring the navigation menu items into a reusable Angular component to reduce code duplication and achieve better separation of concerns.
-----
Based on the code patch provided: - In the first block of code, the placeholder value has been updated to provide an example decimal number instead of just a whole number. This seems like a reasonable improvement for the user experience. - In the second block of code, the placeholder value has been removed altogether. Depending on the design and UX of the app, this may be an acceptable change. However, if it's important to guide the user towards providing a specific range of values, then a more descriptive placeholder could be added. - In the third block of code, the placeholder value has also been updated to provide an example decimal number. This is consistent with the first block and improves the user experience. - Overall, the changes made in this patch seem minor and unlikely to introduce any significant bugs. However, it's always a good idea to test the changes thoroughly, especially if they affect critical functionality of the application.
-----
The code appears to be adding a dropdown list of apps with icons and names that can be clicked to navigate to different routes. A couple of improvements/suggestions include: 1. Use consistent naming conventions: The class names appear to use both kebab-case and snake_case, which can make the code harder to read and maintain. It's better to use a consistent naming convention throughout the codebase. 2. Add accessibility attributes: While the code has tabindex attributes for keyboard navigation, it would be helpful to add aria-label and aria-describedby attributes for screen reader users to know what the dropdown is and what its contents are. 3. Consider implementing a search/filter feature: If the list of apps gets long, it might become difficult to find the desired app by just scanning the list; a search or filter functionality could help alleviate this issue. 4. Handle empty apps list: If there are no apps available, the dropdown will still appear but with an empty list. It’s important to consider this case and handle it appropriately.
-----
Based on the code patch provided, it appears that the changes are aimed at updating the placeholder value for a search input field. There are no apparent bug risks with the updated code. However, one improvement suggestion would be to ensure that the input validation is optimized for each of the search criteria listed in the new placeholder value. This could potentially involve adding specific input restrictions or validation conditions for each search type. Another improvement suggestion would be to provide clearer instructions or guidance for users regarding how to use the search input field effectively and efficiently. This could involve incorporating tooltips or adding explanatory text near the input field. Overall, the code patch appears to be a relatively minor and straightforward update to improve the usability and clarity of the search input field.
-----
The code patch shows changes in the HTML and CSS structure of the user interface. The previous code used ""mat-list"" for displaying a list item and ""mat-icon"" to add an icon, which can indicate the status of the account that the user added. The updated code uses ""ul"" and ""li"" tags for the list item and adds CSS classes to style the list. It also replaces ""mat-icon"" with ""span"" tag and applies inline styling to set the color of the circle icon. Overall, the changes seem to improve the visual appearance of the UI by using more efficient CSS styles and semantic HTML tags. There doesn't seem to be any obvious bug risk introduced with the changes. An improvement suggestion would be to use Angular's built-in templates and use directives like ngFor to loop over the list of accounts instead of hard-coding a single account item. This could make the code more scalable and reusable.
-----
This code patch adds a label for the ""help"" button and makes it clickable by adding a class. It also adds a checkbox input element for a modal. There doesn't seem to be any obvious bug risk in this patch. However, there are some improvement suggestions: - Consider using a semantic HTML tag instead of span with class=""label"", for instance, use label, strong, em or other more meaningful tags. - It might be better to have an explicit button element instead of using a label element for the help icon. This can improve accessibility and provide more context for screen reader users. - Adding an aria-label attribute to the help icon would further increase accessibility for non-visual users. - Use consistent indentation and formatting to make the code more readable and easier to maintain. Overall, the code patch seems to be relatively straightforward and simple, but there are always opportunities for small improvements.
-----
The code patch appears to modify a UI layout by adding label tags, input checkboxes, and modal dialogs with explanations for certain fields. Based on this small portion of the code, it seems like there aren't any glaring bug risks or security issues. However, some suggestions for improvement could be: - Provide more context about what this code is implementing in order to make more informed recommendations. - It may be useful to ensure that the text used in the modal dialogs effectively explains the purpose of each field as intended, and that the content is easily readable and understandable. - Consider using specific semantic HTML elements instead of generic ones such as span or div where appropriate, in order to improve accessibility and maintainability of the code. - Provide explicit aria roles and labels for the modal dialogs to ensure that screen readers can appropriately announce their presence and differentiate them from other content on the page.
-----
The code patch replaces a paragraph element and two buttons with a div element that wraps the content. The updated code adds a card layout, and the text is now placed inside a card-body element. The buttons' functionality remains unchanged. As for improvement suggestions, it would be best to have consistent naming conventions for CSS classes. For example, the first button has the class ""mat-flat-button,"" while the second button's class is ""mat-flat-button color-warn."" It should be better to use a more descriptive class name instead of ""color-warn"" to indicate the button's purpose. Additionally, it might be helpful to define clear HTML semantics. Suppose this code is part of a larger web application. In that case, it can be beneficial to mark this section as a significant heading or section within the application, making it easier for users who rely on screen readers or other assistive technologies to navigate the page.
-----
This code patch seems fairly straightforward. The only change made is to update the placeholder attribute of an input field from ""Type here"" to ""e.g. 12.123456"". This is a useful improvement because it provides a clear example of the format that the user should enter in the field. There don't seem to be any obvious bug risks associated with this change. However, it's worth noting that relying solely on client-side validation (such as enforcing a minimum value of 0) can be risky because it can be circumvented by malicious users. It's always a good idea to have server-side validation to ensure that any data submitted to the application is valid and consistent. One possible improvement suggestion would be to add some additional context or explanation to the placeholder text, especially if there are any specific formatting requirements or limitations for the field. This could help prevent confusion or errors on the part of the user.
-----
From the given code patch, the following improvements can be suggested: 1. It is good that a placeholder value is added for the input fields. It can help users to understand what kind of input is required in that field. 2. In the first input field, it would be better if there is a min and max value range provided to make sure users don't input an inappropriate number. 3. In the second input field, the placeholder value should contain a unit to make it more understandable for users. 4. It is good that the minimum value is set to 0 for the second input field. 5. It is recommended to use more descriptive and meaningful variable names instead of ""minimumGasPriceRef"" to make the code more understandable. 6. A few comments explaining the purpose of each section of code can improve its readability and maintainability. No bug risk was found in this code patch."
2,Concurrency Control and Locking Robustness,"These comments consistently focus on ensuring thread-safe operations, preventing race conditions, and managing locks (especially in cache stores) to avoid duplicate processing or stale states. They highlight the need for atomic operations, proper error handling, and cleanup (such as always deleting lock keys), as well as the use of connection pools and efficient data structures to support safe concurrent access. The shared theme is robust handling of concurrency and locking mechanisms in distributed or multi-threaded environments.","The method has been significantly refactored to support both synchronous and asynchronous URL shortening. However, there are a few potential issues: 1. The parameter is optional and defaults to the value of . This could lead to unexpected behavior if the configuration changes during runtime. It would be better to make a required parameter to ensure that the caller explicitly specifies whether they want asynchronous processing. 2. The method raises a if is true but the cache store is not enabled. This is good for catching misconfigurations, but it might be better to check this at startup rather than at runtime. 3. The method uses a cache key based on the client ID and the shortened URL. This could potentially lead to collisions if two different URLs for the same client are shortened to the same value by the strategy. Consider including the original URL in the cache key to avoid this. 4. The method enqueues a background job with . However, it doesn't handle the case where enqueuing the job fails (for example, if the job queue is full or unavailable). Consider adding error handling for this case. 5. The method returns a string representation of the shortened URL. This is fine for most use cases, but it might be more flexible to return a object instead, which callers can then convert to a string if necessary. Here's a suggested revision of the method that addresses these issues:
-----
The method in the class is creating a new Redis connection every time an instance of this class is created. This could lead to a large number of open connections if many instances are created, which can be inefficient and potentially exceed the limit of open connections allowed by the Redis server. Consider using a connection pool to manage your Redis connections. The gem is a good option for this. Here's how you might modify your code: In this example, the connection pool will maintain up to 5 connections to Redis. If all connections are in use and another thread tries to get a connection, it will wait up to 5 seconds before raising a . Remember to add at the top of your file and ensure that the gem is added to your Gemfile. Also, please note that you should handle the case where is not provided and is also nil or empty. In such cases, you should either provide a default configuration or raise an error indicating that a Redis configuration is required.
-----
The class seems to be well implemented. It provides a mechanism for acquiring and releasing locks using a cache store, which is useful in preventing race conditions when multiple processes are trying to shorten the same URL at the same time. The use of exceptions to handle errors during lock acquisition and release is also a good practice. However, there's a potential issue with the method. If an exception occurs before the yield statement (for example, if raises an exception), the method will log the error and re-raise the exception, but it won't return . This could lead to confusion because the method's contract implies that it should always return a boolean value. To fix this, you should ensure that is returned even when an exception is raised. This change ensures that is always returned, regardless of whether an exception is raised.
-----
The tests look good overall, but there's a potential issue with the tests. The tests are assuming that the method will always return the same instance when called multiple times with the same parameters. However, this might not be the case if there are concurrent requests trying to create the same record at the same time. This could lead to unexpected behavior or even test failures in certain scenarios. To make the tests more robust, consider using a lock or some other form of synchronization to ensure that the method behaves as expected even under concurrent access. Here's an example of how you might do this: This change ensures that the method is thread-safe and will behave as expected even if there are multiple threads trying to create the same record at the same time.
-----
The code changes seem to be well written and follow good practices. However, there are a few areas that could be improved for better readability and performance: 1. **Use of in function**: This could potentially slow down the performance if the array is large. Consider using a or for constant time lookup if the values are unique. 2. **Use of in function**: Similar to the above point, this could slow down the performance if the array is large. Consider using a for constant time lookup. 3. **Use of in function**: This could potentially slow down the performance if the array is large. Consider using a different data structure or algorithm that can perform this operation more efficiently. Here are some example code snippets for the suggested changes:
-----
The class seems to be well implemented. It provides functionality for locking and unlocking a short URL in the cache store to prevent duplicate short URL creation. The use of SHA256 for generating a unique key from the URL is a good practice. Dependency injection is also allowed for the cache store, which can improve testability. However, there's no error handling mechanism in place if the cache store operations fail. Consider adding error handling or retries for these operations. This is just an example. You should adjust the error handling according to your application's needs and logging practices.
-----
There is a potential race condition between checking if the lock exists and creating it. If two processes check the lock at the same time, they might both see that it doesn't exist and then both try to create it. This could lead to unexpected behavior. To avoid this, you should use a pattern like ""check-and-set"" or ""set-if-not-exists"" which can be done atomically in many key-value stores. In this suggested change, would be a new method on the object that takes a block. It checks if the lock exists, and if not, it sets the lock with the value returned by the block. This operation is done atomically to prevent race conditions. If the lock does exist, it simply returns the existing value.
-----
The class seems to be well implemented. However, there is a potential issue with error handling. If the method on line 8 fails for any reason (e.g., database connection issues), the lock key will not be deleted from the cache store. This could lead to a situation where the URL cannot be shortened again because the system thinks it's still being processed. Consider wrapping the call in a begin-rescue block and ensure that the lock key deletion happens in an ensure block. This way, even if an exception occurs, the lock key will always be deleted. This ensures that the lock key is always deleted, regardless of whether an error occurred during the creation or updating of the shortened URL.
-----
The benchmarking script is well written, but there's a potential issue with the method. It first tries to create a new record and if it fails due to uniqueness constraints or validation errors, it then tries to find an existing record. This approach can lead to race conditions where two concurrent requests might both fail to create a record and then both fail to find one. Consider using a find-or-create approach that handles this race condition. This change ensures that the method first tries to find an existing record and only creates a new one if none exists. This should help avoid the potential race condition.
-----
The class seems to be well implemented. However, there is a potential issue with the order of operations in the method. If the job fails after creating the shortened URL but before deleting the lock key, it could leave a stale lock in the cache store. This could prevent future attempts to shorten the same URL. To handle this, consider using an ensure block to delete the lock key regardless of whether the operation was successful or not. This way, the lock key will always be deleted, ensuring that a failed job doesn't leave a stale lock behind."
3,Module Import Optimization,"These comments consistently focus on reviewing and improving how modules and dependencies are imported, declared, and managed within both GitHub Actions workflows and Angular modules. The shared theme is ensuring that only necessary modules are imported, removing unused or redundant imports, and optimizing import organization for maintainability, performance, and clarity. This includes suggestions for naming, security of secrets, and best practices for structuring imports and dependencies.","This code patch appears to be a GitHub Actions workflow for an automated GPT-based code review. Here's a brief overview of the code and potential improvements: 1. **Naming**: The name 'GPT Review' for the action is suitable, but consider providing a more informative, specific name if needed. 2. **Events**: The action is triggered when pull requests are opened, reopened or synchronized. This configuration is suitable for most use cases. 3. **Condition**: The action will only run when there is a label ""gpt review"" present in the event. This is a reasonable condition to avoid running actions unnecessarily. 4. **Action Environment**: It runs using 'ubuntu-latest', which should work for most scenarios. 5. **Custom Action**: The custom action used is 'anc95/ChatGPT-CodeReview@main'. Ensure that this repository is maintained and updated. 6. **API Keys**: Make sure you have set up the required GitHub and OpenAI API keys in your secrets. Be cautious with sharing these keys and never expose them in public repositories. Also, revise the secret name you pass as (it currently says , you might want it to be more generic). 7. **Optional Settings**: Currently, the optional settings LANGUAGE, MODEL, top_p, and temperature are commented out. Uncomment and set desired values if needed. Potential improvements: 1. Use a specific version of the custom action (e.g., 'anc95/ChatGPT-CodeReview@v1.0') instead of 'main' for consistent behavior. 2. For better security, don't use branch names in context expressions ( ). Instead, directly reference the variable. Overall, the code looks good and follows standard practices for a GitHub action. Just consider the suggested improvements to enhance its reliability and security.
-----
with the code review 1. The permissions section ensures that the workflow has the necessary permissions to perform operations, which is good practice. 2. The on section specifies when the workflow will be triggered, which is also good practice. 3. The jobs section specifies the test job, which is the main component of the code review. It's a good idea to use a container such as Ubuntu-latest for running this job. 4. The steps section specifies the action that will be taken when the job is triggered, which is to use the anc95/ChatGPT-CodeReview@v1 action. This action requires two environment variables - GITHUB_TOKEN and OPENAI_API_KEY. These should be defined as secrets in the repository settings. 5. The language parameter should be set to the language used for code review. Overall, this looks like a good workflow for code review. However, I suggest adding a few more steps to make sure the code is valid and free of any errors. Additionally, it would be useful to include a step to check if the code follows the repository's coding style guidelines.
-----
This code appears to be a GitHub Actions workflow file for performing a language model-based code review on pull request changes. The specified permissions seem appropriate for the steps that this workflow will perform. The ""on"" section correctly specifies the events that will trigger the workflow. The ""jobs"" section seems to only have one job, ""code-review"", which is defined to run on the latest Ubuntu version. There is a single step in this job which uses a custom action by anc95/ChatGPT-CodeReview. The environment variables are suitable for authentication and configuring parameters of the language model used in the custom action. One possible improvement suggestion is to include more information in the workflow output, such as additional details about the review results or any errors that may occur during the process.
-----
This code patch imports three Angular modules and declares a component. The imported modules are , , and . The is a built-in Angular module that provides common directives such as and . The is a custom routing module for the which might provide some additional routing path configuration. It's unclear why is being imported since it's also declared in the same file by the decorator. The declared component is . There is no information provided on its implementation or purpose. As for bugs, there are none that can be identified without additional context on the application's intended behavior. Improvement suggestions would depend on the application requirements and architecture. However, best practices for optimization and readability include: - Only import and declare modules/components that are required in the current module. - Alphabetize the imported modules. - Remove unused imports from the module file to improve code maintainability.
-----
The code patch seems to be a GitHub Action that runs a code review using OpenAI GPT-3 for pull requests that are opened, reopened, or synchronized. Here are some suggestions and improvements: - The name of the workflow could be more descriptive. - In the permissions section, there is a typo ""pull-requests"" should be ""pull_request"". - It's advisable to limit the scope of secrets to only the necessary ones in environment variables. Also, make sure that the secrets are securely stored. - You can add more jobs/steps to run other required actions before or after the code review. - Add error handling in case of API key authentication failure or network issues with the OpenAI API. - Ensure to test the action thoroughly before using it in a production environment.
-----
In the new hunk, the environment variables and are set at the job level instead of the step level. This is a good practice as it reduces redundancy and makes the code cleaner. However, please ensure that these secrets and variables are properly set in your GitHub repository settings or they will not be available during the workflow execution. Also, the for the ""SonarQube Quality Gate check"" step has been removed. If you're not using the output from this step in another step (as shown in the old hunk), then this change is fine. If you need to use the output, you should add the back. Lastly, the setting is a good addition as it forces the step to fail after a specific time, preventing the workflow from running indefinitely if there are issues with the quality gate check.
-----
The code patch seems to add the module as an import to the . This is likely done in order to utilize Angular's two-way data binding functionality. As for potential bug risks, it's difficult to say without knowing more about the context of this module and its components. However, it's generally good practice to ensure that any imported modules are actually being used within the module or its components, as unnecessary imports can bloat the code and impact performance. A possible improvement suggestion could be to consider using a separate module for shared modules such as and , rather than importing them individually in each feature module. This can help reduce repetitive imports and make it easier to manage shared dependencies across the entire application.
-----
This code patch appears to be a GitHub Actions workflow that triggers on pull request events and runs a single job called ""review"" on an Ubuntu virtual environment. The job uses the ""anc95/ChatGPT-CodeReview"" action, which likely performs code review using OpenAI's GPT-3 API. Overall, the code appears straightforward and there don't seem to be any obvious bugs or risk concerns. One improvement suggestion would be to add more detail in the ""name"" field to describe the purpose of the workflow more accurately, such as ""OpenAI Code Review Using GPT-3."" Another improvement could be to add failure-handling steps or notifications, in case something goes wrong during the code review process.
-----
This code appears to be an Angular module that imports and exports the component from the file, as well as importing the , which is presumably defined in the file. Some improvement suggestions: - Consider renaming the module to to match the actual name of the imported module. The current name, , suggests that it's specific to the app, but it's actually just a wrapper for the imported module. - Ensure that the imported is actually needed by this module. If not, it could potentially be removed to simplify the module and reduce unnecessary dependencies. - Check that the is actually needed by this module. If not, it could be removed to further simplify the module and reduce its size.
-----
This code appears to be an Angular module that imports and exports the component along with several other modules: , , , , , and . In terms of potential improvements, I would suggest adding module-level documentation using JSDoc comments to describe the purpose of this module and what it's exporting. Additionally, if any of the imported modules have unnecessary dependencies or are not being used in this module, they should be removed to improve performance and reduce clutter. It is also recommended to make sure that the imported modules are up-to-date and do not pose any security risks."
4,Variable Naming and Code Readability,"These comments consistently focus on improving code clarity through more descriptive variable and function names, removing redundant or unused code, adding comments, and refactoring for better maintainability. They also highlight the importance of consistent type usage, modularization, and clear logic flow to enhance code readability and reduce potential errors.","The code seems to import queries and types from the Apollo package and a Connector type from @web3-react/types. There is also an import for dayjs with some extensions, and a custom utility imported from connectors/utils. The ""getWalletKeys"" function takes a ""connector"" argument, checks if it is a MetaMask wallet using another utility function called ""getIsMetaMaskWallet"". It also checks for several other types of wallets (Bitkeep, BlockWallet, CypherD) using the ethereum object from the window. There are no obvious bugs in this function, but there is some redundant code that could be refactored. Specifically, instead of hardcoding each wallet check in the function, the checks could be moved to the ""getIsMetaMaskWallet"" utility function, which can return a boolean for any wallet type. Also, use of any should be avoided when possible for better type safety in TypeScript. Instead of accessing the window object, a more robust approach would be to pass in the required objects as arguments to the function.
-----
The code patch seems to be adding functionality to an Angular component called . It's importing some services and interfaces from other parts of the application, including , , , and . One improvement suggestion would be to provide more descriptive names for the variables and functions. For example, instead of , it could be , or instead of , it could be . In terms of bug risks, one possible issue is that the may emit a value before the observable has emitted a value. This could cause problems since the operator won't emit until both observables have emitted at least once. To avoid this, one option could be to use the operator instead of , which emits only after all observables have emitted at least once. Another potential issue is that the function in might not work correctly if there are multiple wallets saved in the application. If this is the case, you may need to modify the function to include additional logic to differentiate between different wallets.
-----
The code patch seems to be for an Angular component’s initialization method. Below are some observations and possible suggestions: - One variable, now accepts a Union Type ( ) instead of just a string as before. - is being mapped from route query parameters. It's unclear why the default value is being set to . It would be better to use here if the parameter is missing in the URL query string, as it seems to be intended later in the code. - The map function in has been updated with a conditional check on input parameters inside the map. This can help to prevent potential errors where or might be null or undefined. - In case is used elsewhere, it's not included in this code patch, so it's difficult to verify its usefulness and correctness. Overall, the code seems clear and understandable, and no obvious bugs or risks have been identified.
-----
The code patch you provided removes a set of conditional statements that check whether the current wallet being used is one of two specific wallets, Phantom or Trust Wallet. The conditions checked if the current wallet was not one of those two but did not return anything when the condition failed. It appears that the purpose of these conditionals was to filter out options that are not compatible with the current wallet being used. Without more information about the context of this code and what it does, it is difficult to say whether removing these conditions introduces any risks or not. However, if the purpose of these conditional statements is still necessary in some situations, then it may be better to refactor the code to address the same problem in a different way that does not depend on the specific name of the wallet. Otherwise, if these conditions are no longer required, then removing them could simplify the code and reduce unnecessary complexity.
-----
The code patch includes changes to the function. The changes are: 1. The function is called with an additional boolean argument set to . 2. The variable is passed as an argument to the function. Regarding the risk of bugs, it's difficult to determine without knowing the implementation details of the functions called. However, based on this patch alone, it seems unlikely that any potential new bugs would be introduced. As for improvement suggestions, without further context, it's hard to say. But if is a costly operation, it might be worth considering caching the results to avoid repeated network calls. Additionally, using more descriptive variable names could make the code more readable and easier to maintain in the long term.
-----
The code seems to be utilizing the useQuery hook from a library such as React Query. As for the new fetchGammaData function, it appears to be an async function that wraps the getGammaData function which is not shown in this code patch. It's unclear whether getGammaData is a defined function elsewhere or if it may need to be implemented. Moreover, it looks like refetchInterval is set to 30000 milliseconds which means that the query will be automatically refetched every 30 seconds. Overall, there are no apparent bug risks with this code patch. However, some possible improvement suggestions could be: 1) Add error handling to the fetchGammaData function by wrapping it inside a try-catch block. 2) Change the name of gammaRewards to something more descriptive and meaningful. 3) Consider splitting this code into smaller reusable components for better maintenance.
-----
The code patch appears to import new modules and define a new constant. In the PresetRanges component, there's a new prop destructured called . Inside the component, a new state ( ) and a new component prop ( ) are defined. In the hook, it seems that if is true and equals , then the functions and will be called with the first object of . One suggestion for improvement would be to add some comments explaining the purpose of the new code and why certain conditions are required before executing certain actions. It will make the code more readable and maintainable. Additionally, adding TypeScript type annotations can help catch some errors at compile time.
-----
The code seems to be implementing pagination and fetching certain types of transactions from the blockchain using Cosmos SDK. Here are some suggestions for improvement: 1. There is inconsistency in the use of BigInt. It's recommended to use BigInt throughout the codebase rather than only at certain places. 2. is a non-descriptive variable name, it should be renamed to something more meaningful like . 3. The block in observable returns undefined instead of BigInt(0) which might cause issues later on in computations. Instead, returning BigInt(0) would have been a safer option. 4. In observable, the condition can be moved inside method. This will make the code more readable and modular. 5. The function can be simplified as follows: This will eliminate the need for calculating the variable.
-----
This code imports necessary modules and components, defines an Angular component named , accepts multiple parameters, and emits two events. It seems like the method checks if certain input parameters are null and returns if that is true. However, it doesn't specify what should happen if those parameters are not null. It would be helpful to add an appropriate action for such cases. Also, it appears that the parameter is commented out, which might suggest that it's not in use. Consider removing it or adding it to the search criteria if needed. Overall, the presented code looks relatively safe, but it may need further changes depending on its context and usage.
-----
The code patch removes the and functions, and instead adds a function to convert any input to a JSON string. It also adds a new boolean variable which is initially false. Potential improvements: - The purpose of the function is not clear from the code snippet. If it's meant to convert data for display purposes, then it should have a more descriptive name. Additionally, since it only handles two cases (string or non-string input), its implementation could be simplified to a one-liner: - There are unused imports in the code file that could be removed. - Since the purpose of is not clear from the code snippet, it's possible that there may be additional functionality that could be added to make use of this variable."
5,Error Handling and Code Documentation,"These comments consistently focus on improving error and exception handling (e.g., adding try-catch blocks, specific error messages, and logging), as well as enhancing code documentation (JavaDoc, comments) and naming conventions. The shared theme is making code more robust, maintainable, and understandable by systematically addressing how errors are managed and ensuring that code is well-documented for future maintainers.","1. **Error Handling**: The error messages logged in the , , , and methods are clear and provide useful context. However, consider adding more specific error types or codes to make error handling more granular and actionable. 2. **Context Management**: The use of is good for managing timeouts. Ensure that the package is well-tested to avoid potential issues with context management. 3. **UUID Generation**: In the method, the check is used to generate a new UUID. This is a good practice to ensure unique IDs. However, consider validating the UUID format if it is not empty to avoid potential issues with malformed IDs. 4. **Span Management**: The use of for tracing is a good practice. Ensure that the package is properly configured and tested to avoid potential issues with tracing. 5. **Performance**: The use of for setting and fields is appropriate. Ensure that the system clock is synchronized to avoid potential issues with time discrepancies. 6. **Readability**: The code is generally readable. However, consider adding comments to explain the purpose of each method and any non-obvious logic to improve maintainability. Example improvement for error handling:
-----
Your code looks well-structured, but here are a few suggestions for improvement: 1. **Validation and Constraints**: - Ensure that the new fields ( , , , ) have appropriate validation constraints if needed (e.g., length constraints for strings, non-negative constraints for counts). 2. **Initialization Logic**: - The initialization of and in the constructor using is good, but consider whether this logic should be part of the builder pattern or handled externally before creating the object. 3. **Consistency in Naming Conventions**: - Ensure consistency in naming conventions. For example, could be more descriptive to match other fields like . 4. **Documentation and Comments**: - Add comments or Javadoc to explain the purpose of new fields and methods, especially if they are not self-explanatory. 5. **Handling Default Values**: - If , , and should have default values (e.g., 0), ensure they are explicitly set during object creation or use default values in the database schema. 6. **Nullability and Optional Fields**: - Review if all fields marked as are indeed mandatory. If any field can be optional, consider using wrapper classes like instead of primitive types. Here’s an updated version with some of these suggestions: This version includes default values for , , and . It also ensures that all fields are properly initialized. Consider adding further validation and documentation as needed.
-----
Your code looks well-structured and follows good practices. Here are a few suggestions for improvement: 1. **Imports Optimization**: Ensure that all imports are necessary. Unused imports can be removed to keep the code clean. 2. **Documentation**: Adding JavaDoc comments to your methods and interface can help other developers understand the purpose and usage of each method. 3. **Transactional Propagation**: The is used, which means the method will join an existing transaction if one exists. Ensure this is the desired behavior for your repository methods. 4. **Querydsl Customization**: The customization of Querydsl bindings is done correctly. However, consider adding more specific bindings if needed by your application. 5. **EntityGraph Usage**: Using is a good practice for optimizing queries. Make sure that the attribute paths specified are correct and necessary. 6. **Method Naming**: Ensure that method names are self-explanatory and follow the naming conventions. Your current method names seem appropriate. 7. **Error Handling**: Consider how errors and exceptions are handled in your repository methods. Although not directly related to the repository interface, ensure that your service layer handles potential exceptions properly. Here's a slightly refined version with added documentation: These changes should make your code more maintainable and understandable.
-----
Your code is well-structured and follows good practices. However, there are a few improvements and suggestions that could enhance readability, maintainability, and performance: 1. **Logging Enhancements**: - Use more descriptive log messages to provide better context. - Consider logging the details for better traceability. 2. **Exception Handling**: - Ensure that exceptions are properly handled within the method to avoid partial updates in case of failures. 3. **Documentation**: - Add JavaDoc comments to the class and methods to describe their purpose and usage. 4. **Magic Numbers**: - Avoid using magic numbers like . Instead, consider defining them as constants or fetching from configuration. 5. **Transactional Behavior**: - Ensure that the transactional behavior is appropriate for your use case, especially if you need to handle rollback scenarios. Here’s an updated version with these improvements: ### Summary of Changes: 1. Enhanced log messages with more context. 2. Added exception handling within the method. 3. Included JavaDoc comments for better documentation. 4. Used placeholders in log messages for better readability and performance. 5. Ensured proper transactional behavior by rethrowing exceptions. These changes should help improve the clarity, robustness, and maintainability of your code.
-----
Your code looks well-structured and follows good practices. Here are a few suggestions for improvement: 1. **Exception Handling**: - Ensure you handle exceptions that might occur during message processing or RabbitMQ operations to avoid message loss or infinite loops. 2. **Channel Acknowledgment**: - Since you are using manual acknowledgment ( ), make sure to acknowledge the message after processing it successfully, and negatively acknowledge (nack) it in case of failure. 3. **Logging Enhancements**: - Consider adding more context to your log messages, such as message IDs or other relevant information, to make debugging easier. 4. **Magic Numbers and Strings**: - Avoid hardcoding values like for retries count initialization. Instead, use constants or configuration properties. 5. **Code Readability**: - Improve readability by breaking down complex expressions and adding comments where necessary. Here's an updated version incorporating these suggestions: ### Key Changes: 1. **Exception Handling**: Added try-catch block around the message processing logic. 2. **Channel Acknowledgment**: Added for successful processing and for failures. 3. **Constants**: Introduced constant. 4. **Logging**: Enhanced logging for better traceability. These changes should help improve the robustness and maintainability of your code.
-----
Your code is generally well-structured and follows good practices. However, there are a few improvements and suggestions you might consider: 1. **Consistent Naming Conventions**: - Ensure that your naming conventions are consistent throughout the project. For example, in could be renamed to for clarity. 2. **Validation**: - Consider adding validation annotations to ensure data integrity. For example, you can use and for the rating if it should be between 1 and 5. 3. **Fetch Type**: - The use of fetch type is good for performance, but make sure it's appropriate for your use case. Sometimes fetching might be necessary depending on how you access these entities. 4. **Column Definitions**: - If has a maximum length, consider specifying it with or similar. 5. **Constructor and Builder**: - The annotation is great, but ensure that all required fields are included in the builder pattern. You might also want to add validation within the constructor or builder method. 6. **Audit Fields**: - Since extends , ensure that properly handles creation timestamps. 7. **Relationships**: - The attributes in are correct if and are managed externally, but ensure this aligns with your database design and logic. Here’s an updated version of your code with some of these suggestions applied: ### Key Changes: - Added validation annotations ( , , , ). - Renamed methods in to follow getter conventions ( , ). - Ensured consistency in naming and structure.
-----
Your code looks well-structured and follows good practices. Here are a few suggestions for improvement: 1. **Method Naming Consistency**: - Ensure method names clearly reflect their purpose. You've renamed to , which is good. Make sure all similar methods follow this pattern. 2. **Logging**: - Consider adding more logging, especially in methods that perform critical operations like and . This can help with debugging and monitoring. 3. **Exception Handling**: - If there are specific exceptions that could be thrown by repository methods (like ), consider handling them appropriately or documenting them. 4. **Transactional Scope**: - Ensure that the transactional scope is correctly applied. For instance, if involves multiple database operations, it should also be annotated with . 5. **Code Documentation**: - Adding JavaDoc comments to your methods can improve readability and maintainability, especially for public methods. 6. **Service Layer Validation**: - Before performing operations, validate inputs where necessary. For example, check if and are not null before proceeding in . Here’s a revised version of your code with some of these suggestions applied: These changes should help make your code more robust, maintainable, and easier to debug.
-----
Your code looks well-structured, but there are a few areas where you can make improvements for better readability, maintainability, and efficiency. Here are some suggestions: 1. **DRY Principle (Don't Repeat Yourself)**: - The and methods have similar logic for creating the message body and making a REST call. You can refactor this into a common method to avoid duplication. 2. **Error Handling**: - Consider adding error handling for the REST calls to manage potential exceptions and provide meaningful feedback. 3. **Documentation**: - Ensure all public methods have Javadoc comments explaining their purpose, parameters, and return values. 4. **Method Naming**: - The method name might be misleading since it also updates auctions. Consider renaming it to . Here is a refactored version of your code with these suggestions applied: ### Key Changes: 1. **Refactored Common Logic**: Created and methods to avoid code duplication. 2. **Error Handling**: Added a try-catch block in to handle potential exceptions. 3. **Method Renaming**: Renamed to for clarity. 4. **Documentation**: Added Javadoc comments for public methods. These changes should help improve the maintainability and readability of your code.
-----
Your code looks well-structured and follows good practices. Here are a few suggestions for improvement: 1. **Consistent Naming Conventions**: Ensure that method names clearly describe their purpose and follow Java naming conventions. 2. **Documentation**: Add Javadoc comments to your methods to improve readability and maintainability. 3. **Error Handling**: Consider adding error handling or logging where necessary, especially in methods that modify the database. 4. **Parameter Validation**: Validate input parameters to ensure they meet expected criteria before processing. Here's a revised version of your code with these suggestions: ### Additional Suggestions: - **Logging**: Add logging statements to track the execution flow and potential issues. - **Unit Tests**: Write unit tests for your repository methods to ensure they work as expected. - **Performance**: If you expect large datasets, consider indexing relevant columns in your database to improve query performance. These improvements should help make your code more robust, readable, and maintainable.
-----
Your code snippet is quite brief, but here are a few suggestions for improvement: 1. **Consistent Formatting**: Ensure consistent formatting throughout your codebase. For example, the alignment of annotations and parameters can be standardized. 2. **Error Handling**: The method should include error handling to manage potential exceptions that might occur during message processing. 3. **Logging**: Add logging to help with debugging and monitoring. This will make it easier to trace issues when they arise. 4. **Documentation**: Include comments or JavaDoc to explain the purpose of the method and its parameters. Here's an improved version of your code snippet with these suggestions: ### Key Changes: 1. **Added Imports**: Included necessary imports for logging and RabbitMQ. 2. **Logging**: Added a logger to log information and errors. 3. **Error Handling**: Wrapped the message processing in a try-catch block to handle exceptions. 4. **Message Acknowledgment**: Added acknowledgment and rejection logic to manage message lifecycle properly. These changes should make your code more robust and maintainable."
